{"cameraMode":{"drawMode":0,"name":"Shaded","section":"Shading Mode"},"sceneLighting":false,"audioPlay":false,"sceneViewState":{"m_AlwaysRefresh":false,"showFog":true,"showSkybox":false,"showFlares":true,"showImageEffects":true,"showParticleSystems":true,"showVisualEffectGraphs":true,"m_FxEnabled":true},"in2DMode":false,"pivot":{"x":2.3207993507385256,"y":1.2307404279708863,"z":-0.6130229234695435},"rotation":{"x":-0.3129597306251526,"y":-0.003706758376210928,"z":0.001221484155394137,"w":-0.9497602581977844},"size":0.397213876247406,"orthographic":false}